Species 1,Species 2,Mole frac species 1,Mole frac species 2,Temp (K),Author,type,Link
KCl,ZrCl4,1,0,1051.1,Morozov and Sun (1959),,
KCl,ZrCl4,0.96,0.04,1030.8,Morozov and Sun (1959),,
KCl,ZrCl4,0.91,0.09,1012.2,Morozov and Sun (1959),,
KCl,ZrCl4,0.86,0.14,986,Morozov and Sun (1959),,
KCl,ZrCl4,0.76,0.24,866.7,Morozov and Sun (1959),,
KCl,ZrCl4,0.96,0.04,857.4,Morozov and Sun (1959),,
KCl,ZrCl4,0.91,0.09,863.3,Morozov and Sun (1959),,
KCl,ZrCl4,0.86,0.14,865.8,Morozov and Sun (1959),,
KCl,ZrCl4,0.81,0.19,869.2,Morozov and Sun (1959),,
KCl,ZrCl4,0.8,0.2,898,Morozov and Sun (1959),,
KCl,ZrCl4,0.72,0.28,979.2,Morozov and Sun (1959),,
KCl,ZrCl4,0.66,0.34,1068.9,Morozov and Sun (1959),,
KCl,ZrCl4,0.56,0.44,897.1,Morozov and Sun (1959),,
KCl,ZrCl4,0.51,0.49,830.3,Morozov and Sun (1959),,
KCl,ZrCl4,0.46,0.54,614.5,Morozov and Sun (1959),,
KCl,ZrCl4,0.42,0.58,494.3,Morozov and Sun (1959),,
KCl,ZrCl4,0.24,0.76,618.7,Morozov and Sun (1959),,
KCl,ZrCl4,0,1,710.9,Morozov and Sun (1959),,
KCl,ZrCl4,0.55,0.45,494.3,Morozov and Sun (1959),,
KCl,ZrCl4,0.51,0.49,493.5,Morozov and Sun (1959),,
KCl,ZrCl4,0.46,0.54,494.3,Morozov and Sun (1959),,
KCl,ZrCl4,0.24,0.76,501.9,Morozov and Sun (1959),,
KCl,ZrCl4,0.72,0.28,862.4,Morozov and Sun (1959),,
KCl,ZrCl4,0.91,0.09,803.2,Morozov and Sun (1959),,
KCl,ZrCl4,0.86,0.14,800.7,Morozov and Sun (1959),,
KCl,ZrCl4,0.81,0.19,801.5,Morozov and Sun (1959),,
KCl,ZrCl4,0.76,0.24,801.5,Morozov and Sun (1959),,
KCl,ZrCl4,0.72,0.28,803.2,Morozov and Sun (1959),,
KCl,ZrCl4,0.52,0.48,716.4,Howell et al. (1957),,doi.org/10.1007/BF03398479
KCl,ZrCl4,0.5,0.5,693,Howell et al. (1957),,doi.org/10.1007/BF03398479
KCl,ZrCl4,0.48,0.52,672.6,Howell et al. (1957),,doi.org/10.1007/BF03398479
KCl,ZrCl4,0.46,0.54,647,Howell et al. (1957),,doi.org/10.1007/BF03398479
KCl,ZrCl4,0.43,0.57,617.4,Howell et al. (1957),,doi.org/10.1007/BF03398479
KCl,ZrCl4,0.41,0.59,584.5,Howell et al. (1957),,doi.org/10.1007/BF03398479
KCl,ZrCl4,0.42,0.58,587,Howell et al. (1957),,doi.org/10.1007/BF03398479
KCl,ZrCl4,0.4,0.6,558.2,Howell et al. (1957),,doi.org/10.1007/BF03398479
KCl,ZrCl4,0.39,0.61,550.1,Howell et al. (1957),,doi.org/10.1007/BF03398479
KCl,ZrCl4,0.38,0.62,538,Howell et al. (1957),,doi.org/10.1007/BF03398479
KCl,ZrCl4,0.37,0.63,542.1,Howell et al. (1957),,doi.org/10.1007/BF03398479
KCl,ZrCl4,0.37,0.63,544.6,Howell et al. (1957),,doi.org/10.1007/BF03398479
KCl,ZrCl4,0.34,0.66,553,Howell et al. (1957),,doi.org/10.1007/BF03398479
KCl,ZrCl4,0.35,0.65,577.5,Kellogg et al. (1955),,osti.gov/biblio/4351392
KCl,ZrCl4,0.35,0.65,546.3,Kellogg et al. (1955),,osti.gov/biblio/4351392
KCl,ZrCl4,0.35,0.65,507.5,Kellogg et al. (1955),,osti.gov/biblio/4351392
KCl,ZrCl4,0.34,0.66,507.5,Kellogg et al. (1955),,osti.gov/biblio/4351392
KCl,ZrCl4,0.33,0.67,507.2,Kellogg et al. (1955),,osti.gov/biblio/4351392
KCl,ZrCl4,0.34,0.66,515.2,Kellogg et al. (1955),,osti.gov/biblio/4351392
KCl,ZrCl4,0.34,0.66,540.8,Kellogg et al. (1955),,osti.gov/biblio/4351392
KCl,ZrCl4,0.34,0.66,540.6,Kellogg et al. (1955),,osti.gov/biblio/4351392
KCl,ZrCl4,0.35,0.65,546.1,Kellogg et al. (1955),,osti.gov/biblio/4351392
KCl,ZrCl4,0.33,0.67,568.9,Kellogg et al. (1955),,osti.gov/biblio/4351392
KCl,ZrCl4,0.33,0.67,578.8,Kellogg et al. (1955),,osti.gov/biblio/4351392
KCl,ZrCl4,0.33,0.67,578.6,Kellogg et al. (1955),,osti.gov/biblio/4351392
KCl,ZrCl4,0.33,0.67,579.1,Kellogg et al. (1955),,osti.gov/biblio/4351392
KCl,ZrCl4,0.31,0.69,631.4,Kellogg et al. (1955),,osti.gov/biblio/4351392
KCl,ZrCl4,0.3,0.7,631.2,Kellogg et al. (1955),,osti.gov/biblio/4351392
KCl,ZrCl4,0.3,0.7,638.6,Kellogg et al. (1955),,osti.gov/biblio/4351392
KCl,ZrCl4,0.3,0.7,639.7,Kellogg et al. (1955),,osti.gov/biblio/4351392
KCl,ZrCl4,0.29,0.71,647.7,Kellogg et al. (1955),,osti.gov/biblio/4351392
KCl,ZrCl4,0.29,0.71,648,Kellogg et al. (1955),,osti.gov/biblio/4351392
KCl,ZrCl4,0,1,709.2,Kellogg et al. (1955),,osti.gov/biblio/4351392
KCl,ZrCl4,0.67,0.33,1073,Lister and Flengas (1965),,doi.org/10.1139/v65-410
KCl,ZrCl4,0.68,0.32,1058.4,Lister and Flengas (1965),,doi.org/10.1139/v65-410
KCl,ZrCl4,0.69,0.31,1046.1,Lister and Flengas (1965),,doi.org/10.1139/v65-410
KCl,ZrCl4,0.7,0.3,1039,Lister and Flengas (1965),,doi.org/10.1139/v65-410
KCl,ZrCl4,0.72,0.28,1007,Lister and Flengas (1965),,doi.org/10.1139/v65-410
KCl,ZrCl4,0.73,0.27,982,Lister and Flengas (1965),,doi.org/10.1139/v65-410
KCl,ZrCl4,0.74,0.26,973.4,Lister and Flengas (1965),,doi.org/10.1139/v65-410
KCl,ZrCl4,0.75,0.25,967,Lister and Flengas (1965),,doi.org/10.1139/v65-410
KCl,ZrCl4,0.77,0.23,889.9,Lister and Flengas (1965),,doi.org/10.1139/v65-410
KCl,ZrCl4,0.79,0.21,895.8,Lister and Flengas (1965),,doi.org/10.1139/v65-410
KCl,ZrCl4,0.82,0.18,937.4,Lister and Flengas (1965),,doi.org/10.1139/v65-410
KCl,ZrCl4,0.83,0.17,950.3,Lister and Flengas (1965),,doi.org/10.1139/v65-410
KCl,ZrCl4,0.87,0.13,982.3,Lister and Flengas (1965),,doi.org/10.1139/v65-410
KCl,ZrCl4,0.89,0.11,999.1,Lister and Flengas (1965),,doi.org/10.1139/v65-410
KCl,ZrCl4,0.93,0.07,1022.9,Lister and Flengas (1965),,doi.org/10.1139/v65-410
KCl,ZrCl4,0.7,0.3,865.9,Lister and Flengas (1965),,doi.org/10.1139/v65-410
KCl,ZrCl4,0.72,0.28,867.3,Lister and Flengas (1965),,doi.org/10.1139/v65-410
KCl,ZrCl4,0.77,0.23,866.8,Lister and Flengas (1965),,doi.org/10.1139/v65-410
KCl,ZrCl4,0.79,0.21,867.5,Lister and Flengas (1965),,doi.org/10.1139/v65-410
KCl,ZrCl4,0.82,0.18,867,Lister and Flengas (1965),,doi.org/10.1139/v65-410
KCl,ZrCl4,0.83,0.17,869.7,Lister and Flengas (1965),,doi.org/10.1139/v65-410
NaCl,ZrCl4,1,0,1074.7,Barton et al. (1959),,ORNL-2548
NaCl,ZrCl4,0.9,0.1,1039.3,Barton et al. (1959),,ORNL-2548
NaCl,ZrCl4,0.85,0.15,1007.7,Barton et al. (1959),,ORNL-2548
NaCl,ZrCl4,0.8,0.2,962.9,Barton et al. (1959),,ORNL-2548
NaCl,ZrCl4,0.75,0.25,891,Barton et al. (1959),,ORNL-2548
NaCl,ZrCl4,0.72,0.28,797.4,Barton et al. (1959),,ORNL-2548
NaCl,ZrCl4,0.7,0.3,845.4,Barton et al. (1959),,ORNL-2548
NaCl,ZrCl4,0.67,0.33,897.4,Barton et al. (1959),,ORNL-2548
NaCl,ZrCl4,0.62,0.38,847.2,Barton et al. (1959),,ORNL-2548
NaCl,ZrCl4,0.59,0.41,824.8,Barton et al. (1959),,ORNL-2548
NaCl,ZrCl4,0.57,0.43,774.5,Barton et al. (1959),,ORNL-2548
NaCl,ZrCl4,0.55,0.45,720.4,Barton et al. (1959),,ORNL-2548
NaCl,ZrCl4,0.52,0.48,644.6,Barton et al. (1959),,ORNL-2548
NaCl,ZrCl4,0.5,0.5,641.5,Barton et al. (1959),,ORNL-2548
NaCl,ZrCl4,0.47,0.53,633.8,Barton et al. (1959),,ORNL-2548
NaCl,ZrCl4,0.45,0.55,625.4,Barton et al. (1959),,ORNL-2548
NaCl,ZrCl4,0.42,0.58,613,Barton et al. (1959),,ORNL-2548
NaCl,ZrCl4,0.4,0.6,593,Barton et al. (1959),,ORNL-2548
NaCl,ZrCl4,0.37,0.63,586.1,Barton et al. (1959),,ORNL-2548
NaCl,ZrCl4,0.35,0.65,593.1,Barton et al. (1959),,ORNL-2548
NaCl,ZrCl4,0.3,0.7,638.9,Barton et al. (1959),,ORNL-2548
NaCl,ZrCl4,0.25,0.75,667.6,Barton et al. (1959),,ORNL-2548
NaCl,ZrCl4,0,1,712.4,Barton et al. (1959),,ORNL-2548
NaCl,ZrCl4,0.9,0.1,805.5,Barton et al. (1959),,ORNL-2548
NaCl,ZrCl4,0.85,0.15,801,Barton et al. (1959),,ORNL-2548
NaCl,ZrCl4,0.8,0.2,806.5,Barton et al. (1959),,ORNL-2548
NaCl,ZrCl4,0.75,0.25,808.2,Barton et al. (1959),,ORNL-2548
NaCl,ZrCl4,0.69,0.31,795.1,Barton et al. (1959),,ORNL-2548
NaCl,ZrCl4,0.9,0.1,714.9,Barton et al. (1959),,ORNL-2548
NaCl,ZrCl4,0.85,0.15,716.6,Barton et al. (1959),,ORNL-2548
NaCl,ZrCl4,0.8,0.2,716.7,Barton et al. (1959),,ORNL-2548
NaCl,ZrCl4,0.75,0.25,717.6,Barton et al. (1959),,ORNL-2548
NaCl,ZrCl4,0.72,0.28,716.9,Barton et al. (1959),,ORNL-2548
NaCl,ZrCl4,0.7,0.3,718.5,Barton et al. (1959),,ORNL-2548
NaCl,ZrCl4,0.66,0.34,707.7,Barton et al. (1959),,ORNL-2548
NaCl,ZrCl4,0.9,0.1,639,Barton et al. (1959),,ORNL-2548
NaCl,ZrCl4,0.85,0.15,640.7,Barton et al. (1959),,ORNL-2548
NaCl,ZrCl4,0.8,0.2,641.6,Barton et al. (1959),,ORNL-2548
NaCl,ZrCl4,0.75,0.25,642.5,Barton et al. (1959),,ORNL-2548
NaCl,ZrCl4,0.72,0.28,641,Barton et al. (1959),,ORNL-2548
NaCl,ZrCl4,0.7,0.3,642.6,Barton et al. (1959),,ORNL-2548
NaCl,ZrCl4,0.67,0.33,642.7,Barton et al. (1959),,ORNL-2548
NaCl,ZrCl4,0.9,0.1,615.8,Barton et al. (1959),,ORNL-2548
NaCl,ZrCl4,0.75,0.25,602.2,Barton et al. (1959),,ORNL-2548
NaCl,ZrCl4,0.72,0.28,606.2,Barton et al. (1959),,ORNL-2548
NaCl,ZrCl4,0.7,0.3,603.9,Barton et al. (1959),,ORNL-2548
NaCl,ZrCl4,0.66,0.34,601.6,Barton et al. (1959),,ORNL-2548
NaCl,ZrCl4,0.62,0.38,674.5,Barton et al. (1959),,ORNL-2548
NaCl,ZrCl4,0.57,0.43,674.6,Barton et al. (1959),,ORNL-2548
NaCl,ZrCl4,0.62,0.38,642,Barton et al. (1959),,ORNL-2548
NaCl,ZrCl4,0.59,0.41,649.8,Barton et al. (1959),,ORNL-2548
NaCl,ZrCl4,0.59,0.41,641.3,Barton et al. (1959),,ORNL-2548
NaCl,ZrCl4,0.57,0.43,642.9,Barton et al. (1959),,ORNL-2548
NaCl,ZrCl4,0.55,0.45,643,Barton et al. (1959),,ORNL-2548
NaCl,ZrCl4,0.62,0.38,621.1,Barton et al. (1959),,ORNL-2548
NaCl,ZrCl4,0.59,0.41,622.7,Barton et al. (1959),,ORNL-2548
NaCl,ZrCl4,0.57,0.43,622,Barton et al. (1959),,ORNL-2548
NaCl,ZrCl4,0.55,0.45,622,Barton et al. (1959),,ORNL-2548
NaCl,ZrCl4,0.52,0.48,622.1,Barton et al. (1959),,ORNL-2548
NaCl,ZrCl4,0.59,0.41,577.8,Barton et al. (1959),,ORNL-2548
NaCl,ZrCl4,0.57,0.43,577.9,Barton et al. (1959),,ORNL-2548
NaCl,ZrCl4,0.55,0.45,577.9,Barton et al. (1959),,ORNL-2548
NaCl,ZrCl4,0.53,0.47,577.2,Barton et al. (1959),,ORNL-2548
NaCl,ZrCl4,0.5,0.5,583.5,Barton et al. (1959),,ORNL-2548
NaCl,ZrCl4,0.48,0.52,578.1,Barton et al. (1959),,ORNL-2548
NaCl,ZrCl4,0.45,0.55,585.9,Barton et al. (1959),,ORNL-2548
NaCl,ZrCl4,0.43,0.57,584.4,Barton et al. (1959),,ORNL-2548
NaCl,ZrCl4,0.3,0.7,587,Barton et al. (1959),,ORNL-2548
NaCl,ZrCl4,0.25,0.75,591,Barton et al. (1959),,ORNL-2548
NaCl,ZrCl4,1,0,1073.4,Howell et al. (1957),,doi.org/10.1007/BF03398479
NaCl,ZrCl4,0.73,0.27,837,Howell et al. (1957),,doi.org/10.1007/BF03398479
NaCl,ZrCl4,0.73,0.27,821.4,Howell et al. (1957),,doi.org/10.1007/BF03398479
NaCl,ZrCl4,0.7,0.3,823.3,Howell et al. (1957),,doi.org/10.1007/BF03398479
NaCl,ZrCl4,0.7,0.3,876.5,Howell et al. (1957),,doi.org/10.1007/BF03398479
NaCl,ZrCl4,0.67,0.33,914.9,Howell et al. (1957),,doi.org/10.1007/BF03398479
NaCl,ZrCl4,0.53,0.47,739.7,Howell et al. (1957),,doi.org/10.1007/BF03398479
NaCl,ZrCl4,0.54,0.46,656.3,Howell et al. (1957),,doi.org/10.1007/BF03398479
NaCl,ZrCl4,0.58,0.42,656.3,Howell et al. (1957),,doi.org/10.1007/BF03398479
NaCl,ZrCl4,0.6,0.4,656.3,Howell et al. (1957),,doi.org/10.1007/BF03398479
NaCl,ZrCl4,0.62,0.38,657.8,Howell et al. (1957),,doi.org/10.1007/BF03398479
NaCl,ZrCl4,0.47,0.53,637.5,Howell et al. (1957),,doi.org/10.1007/BF03398479
NaCl,ZrCl4,0.42,0.58,613.5,Howell et al. (1957),,doi.org/10.1007/BF03398479
NaCl,ZrCl4,0.47,0.53,587.9,Howell et al. (1957),,doi.org/10.1007/BF03398479
NaCl,ZrCl4,0.42,0.58,588.6,Howell et al. (1957),,doi.org/10.1007/BF03398479
NaCl,ZrCl4,0.39,0.61,588.6,Howell et al. (1957),,doi.org/10.1007/BF03398479
NaCl,ZrCl4,0.38,0.62,587.6,Howell et al. (1957),,doi.org/10.1007/BF03398479
NaCl,ZrCl4,0.34,0.66,590.9,Howell et al. (1957),,doi.org/10.1007/BF03398479
NaCl,ZrCl4,0.35,0.65,593.8,Howell et al. (1957),,doi.org/10.1007/BF03398479
NaCl,ZrCl4,0.34,0.66,607.2,Howell et al. (1957),,doi.org/10.1007/BF03398479
NaCl,ZrCl4,0.29,0.71,624.5,Howell et al. (1957),,doi.org/10.1007/BF03398479
NaCl,ZrCl4,0,1,710.2,Howell et al. (1957),,doi.org/10.1007/BF03398479
BaF2,UF4,1,0,1633.2,Recker and Wallrafen (1974),,doi.org/10.1007/978-3-322-88070-3
BaF2,UF4,0.9,0.1,1627.7,Recker and Wallrafen (1974),,doi.org/10.1007/978-3-322-88070-3
BaF2,UF4,0.8,0.2,1583.8,Recker and Wallrafen (1974),,doi.org/10.1007/978-3-322-88070-3
BaF2,UF4,0.75,0.25,1553,Recker and Wallrafen (1974),,doi.org/10.1007/978-3-322-88070-3
BaF2,UF4,0.7,0.3,1499.6,Recker and Wallrafen (1974),,doi.org/10.1007/978-3-322-88070-3
BaF2,UF4,0.6,0.4,1365.4,Recker and Wallrafen (1974),,doi.org/10.1007/978-3-322-88070-3
BaF2,UF4,0.55,0.45,1273.3,Recker and Wallrafen (1974),,doi.org/10.1007/978-3-322-88070-3
BaF2,UF4,0.5,0.5,1184.4,Recker and Wallrafen (1974),,doi.org/10.1007/978-3-322-88070-3
BaF2,UF4,0.45,0.55,1124.6,Recker and Wallrafen (1974),,doi.org/10.1007/978-3-322-88070-3
BaF2,UF4,0.4,0.6,1042.2,Recker and Wallrafen (1974),,doi.org/10.1007/978-3-322-88070-3
BaF2,UF4,0.36,0.64,961.4,Recker and Wallrafen (1974),,doi.org/10.1007/978-3-322-88070-3
BaF2,UF4,0.35,0.65,1006.5,Recker and Wallrafen (1974),,doi.org/10.1007/978-3-322-88070-3
BaF2,UF4,0.3,0.7,1072.5,Recker and Wallrafen (1974),,doi.org/10.1007/978-3-322-88070-3
BaF2,UF4,0.2,0.8,1159.3,Recker and Wallrafen (1974),,doi.org/10.1007/978-3-322-88070-3
BaF2,UF4,0.1,0.9,1220.2,Recker and Wallrafen (1974),,doi.org/10.1007/978-3-322-88070-3
BaF2,UF4,0,1,1276.4,Recker and Wallrafen (1974),,doi.org/10.1007/978-3-322-88070-3
BaF2,UF4,0.7,0.3,1185.1,Recker and Wallrafen (1974),,doi.org/10.1007/978-3-322-88070-3
BaF2,UF4,0.6,0.4,1189.6,Recker and Wallrafen (1974),,doi.org/10.1007/978-3-322-88070-3
BaF2,UF4,0.45,0.55,958.5,Recker and Wallrafen (1974),,doi.org/10.1007/978-3-322-88070-3
BaF2,UF4,0.4,0.6,958.3,Recker and Wallrafen (1974),,doi.org/10.1007/978-3-322-88070-3
BaF2,UF4,0.35,0.65,963,Recker and Wallrafen (1974),,doi.org/10.1007/978-3-322-88070-3
BaF2,UF4,0.3,0.7,964.4,Recker and Wallrafen (1974),,doi.org/10.1007/978-3-322-88070-3
BaF2,UF4,0.2,0.8,965.7,Recker and Wallrafen (1974),,doi.org/10.1007/978-3-322-88070-3
BaF2,UF4,0.1,0.9,965.4,Recker and Wallrafen (1974),,doi.org/10.1007/978-3-322-88070-3
BaF2,UF4,0.74,0.26,763,Mukherjee et al. (2017),,doi.org/10.1007/s10967-017-5366-z
BaF2,UF4,0.28,0.72,917,Mukherjee et al. (2017),,doi.org/10.1007/s10967-017-5366-z
BaF2,UF4,0.5,0.5,1267,Mukherjee et al. (2017),,doi.org/10.1007/s10967-017-5366-z
CaF2,UF4,1,0,1695,Nekrasova et al. (1967),,doi.org/10.1007/BF01116256
CaF2,UF4,0.97,0.03,1672.4,Nekrasova et al. (1967),,doi.org/10.1007/BF01116256
CaF2,UF4,0.96,0.04,1640.2,Nekrasova et al. (1967),,doi.org/10.1007/BF01116256
CaF2,UF4,0.89,0.11,1610.2,Nekrasova et al. (1967),,doi.org/10.1007/BF01116256
CaF2,UF4,0.85,0.15,1591.2,Nekrasova et al. (1967),,doi.org/10.1007/BF01116256
CaF2,UF4,0.77,0.23,1515.1,Nekrasova et al. (1967),,doi.org/10.1007/BF01116256
CaF2,UF4,0.74,0.26,1494.3,Nekrasova et al. (1967),,doi.org/10.1007/BF01116256
CaF2,UF4,0.66,0.34,1416.3,Nekrasova et al. (1967),,doi.org/10.1007/BF01116256
CaF2,UF4,0.64,0.36,1428.5,Nekrasova et al. (1967),,doi.org/10.1007/BF01116256
CaF2,UF4,0.62,0.38,1395.4,Nekrasova et al. (1967),,doi.org/10.1007/BF01116256
CaF2,UF4,0.58,0.42,1351,Nekrasova et al. (1967),,doi.org/10.1007/BF01116256
CaF2,UF4,0.77,0.23,1271.2,Nekrasova et al. (1967),,doi.org/10.1007/BF01116256
CaF2,UF4,0.74,0.26,1272.3,Nekrasova et al. (1967),,doi.org/10.1007/BF01116256
CaF2,UF4,0.66,0.34,1284.4,Nekrasova et al. (1967),,doi.org/10.1007/BF01116256
CaF2,UF4,0.64,0.36,1283.8,Nekrasova et al. (1967),,doi.org/10.1007/BF01116256
CaF2,UF4,0.61,0.39,1271.2,Nekrasova et al. (1967),,doi.org/10.1007/BF01116256
CaF2,UF4,0.58,0.42,1281.3,Nekrasova et al. (1967),,doi.org/10.1007/BF01116256
CaF2,UF4,0.56,0.44,1300.3,Nekrasova et al. (1967),,doi.org/10.1007/BF01116256
CaF2,UF4,0.57,0.43,1265.5,Nekrasova et al. (1967),,doi.org/10.1007/BF01116256
CaF2,UF4,0.55,0.45,1277,Nekrasova et al. (1967),,doi.org/10.1007/BF01116256
CaF2,UF4,0.53,0.47,1288.5,Nekrasova et al. (1967),,doi.org/10.1007/BF01116256
CaF2,UF4,0.5,0.5,1285.6,Nekrasova et al. (1967),,doi.org/10.1007/BF01116256
CaF2,UF4,0.49,0.51,1269,Nekrasova et al. (1967),,doi.org/10.1007/BF01116256
CaF2,UF4,0.48,0.52,1252.4,Nekrasova et al. (1967),,doi.org/10.1007/BF01116256
CaF2,UF4,0.46,0.54,1238.8,Nekrasova et al. (1967),,doi.org/10.1007/BF01116256
CaF2,UF4,0.42,0.58,1223.1,Nekrasova et al. (1967),,doi.org/10.1007/BF01116256
CaF2,UF4,0.38,0.62,1218,Nekrasova et al. (1967),,doi.org/10.1007/BF01116256
CaF2,UF4,0.34,0.66,1204.5,Nekrasova et al. (1967),,doi.org/10.1007/BF01116256
CaF2,UF4,0.48,0.52,1130.4,Nekrasova et al. (1967),,doi.org/10.1007/BF01116256
CaF2,UF4,0.46,0.54,1116.1,Nekrasova et al. (1967),,doi.org/10.1007/BF01116256
CaF2,UF4,0.43,0.57,1114,Nekrasova et al. (1967),,doi.org/10.1007/BF01116256
CaF2,UF4,0.38,0.62,1111.2,Nekrasova et al. (1967),,doi.org/10.1007/BF01116256
CaF2,UF4,0.35,0.65,1124.9,Nekrasova et al. (1967),,doi.org/10.1007/BF01116256
CaF2,UF4,0.3,0.7,1126.7,Nekrasova et al. (1967),,doi.org/10.1007/BF01116256
CaF2,UF4,0.19,0.81,1112.6,Nekrasova et al. (1967),,doi.org/10.1007/BF01116256
CaF2,UF4,0.14,0.86,1147.7,Nekrasova et al. (1967),,doi.org/10.1007/BF01116256
CaF2,UF4,0.09,0.91,1235.7,Nekrasova et al. (1967),,doi.org/10.1007/BF01116256
CaF2,UF4,0,1,1290.4,Nekrasova et al. (1967),,doi.org/10.1007/BF01116256
LiF,SmF3,1,0,1120.8,Fedorov (1999),,researchgate.net/publication/280016239_Systems_of_Alkali_and_Rare-Earth_Metal_Fluorides
LiF,SmF3,0.96,0.04,1097.6,Fedorov (1999),,researchgate.net/publication/280016239_Systems_of_Alkali_and_Rare-Earth_Metal_Fluorides
LiF,SmF3,0.9,0.1,1058.9,Fedorov (1999),,researchgate.net/publication/280016239_Systems_of_Alkali_and_Rare-Earth_Metal_Fluorides
LiF,SmF3,0.8,0.2,981,Fedorov (1999),,researchgate.net/publication/280016239_Systems_of_Alkali_and_Rare-Earth_Metal_Fluorides
LiF,SmF3,0.71,0.29,1004.1,Fedorov (1999),,researchgate.net/publication/280016239_Systems_of_Alkali_and_Rare-Earth_Metal_Fluorides
LiF,SmF3,0.67,0.33,1069.5,Fedorov (1999),,researchgate.net/publication/280016239_Systems_of_Alkali_and_Rare-Earth_Metal_Fluorides
LiF,SmF3,0.53,0.47,1219.1,Fedorov (1999),,researchgate.net/publication/280016239_Systems_of_Alkali_and_Rare-Earth_Metal_Fluorides
LiF,SmF3,0.51,0.49,1247.2,Fedorov (1999),,researchgate.net/publication/280016239_Systems_of_Alkali_and_Rare-Earth_Metal_Fluorides
LiF,SmF3,0.5,0.5,1284.5,Fedorov (1999),,researchgate.net/publication/280016239_Systems_of_Alkali_and_Rare-Earth_Metal_Fluorides
LiF,SmF3,0.4,0.6,1361.8,Fedorov (1999),,researchgate.net/publication/280016239_Systems_of_Alkali_and_Rare-Earth_Metal_Fluorides
LiF,SmF3,0.3,0.7,1462.9,Fedorov (1999),,researchgate.net/publication/280016239_Systems_of_Alkali_and_Rare-Earth_Metal_Fluorides
LiF,SmF3,0.23,0.77,1486.8,Fedorov (1999),,researchgate.net/publication/280016239_Systems_of_Alkali_and_Rare-Earth_Metal_Fluorides
LiF,SmF3,0.17,0.83,1521.2,Fedorov (1999),,researchgate.net/publication/280016239_Systems_of_Alkali_and_Rare-Earth_Metal_Fluorides
LiF,SmF3,0.08,0.92,1551.5,Fedorov (1999),,researchgate.net/publication/280016239_Systems_of_Alkali_and_Rare-Earth_Metal_Fluorides
LiF,SmF3,0.08,0.92,1564.8,Fedorov (1999),,researchgate.net/publication/280016239_Systems_of_Alkali_and_Rare-Earth_Metal_Fluorides
LiF,SmF3,0,1,1588.7,Fedorov (1999),,researchgate.net/publication/280016239_Systems_of_Alkali_and_Rare-Earth_Metal_Fluorides
LiF,SmF3,0.95,0.05,945.8,Fedorov (1999),,researchgate.net/publication/280016239_Systems_of_Alkali_and_Rare-Earth_Metal_Fluorides
LiF,SmF3,0.9,0.1,937.4,Fedorov (1999),,researchgate.net/publication/280016239_Systems_of_Alkali_and_Rare-Earth_Metal_Fluorides
LiF,SmF3,0.9,0.1,912.8,Fedorov (1999),,researchgate.net/publication/280016239_Systems_of_Alkali_and_Rare-Earth_Metal_Fluorides
LiF,SmF3,0.95,0.05,895.2,Fedorov (1999),,researchgate.net/publication/280016239_Systems_of_Alkali_and_Rare-Earth_Metal_Fluorides
LiF,SmF3,0.8,0.2,935.3,Fedorov (1999),,researchgate.net/publication/280016239_Systems_of_Alkali_and_Rare-Earth_Metal_Fluorides
LiF,SmF3,0.7,0.3,938.8,Fedorov (1999),,researchgate.net/publication/280016239_Systems_of_Alkali_and_Rare-Earth_Metal_Fluorides
LiF,SmF3,0.66,0.34,934.6,Fedorov (1999),,researchgate.net/publication/280016239_Systems_of_Alkali_and_Rare-Earth_Metal_Fluorides
LiF,SmF3,0.6,0.4,933.9,Fedorov (1999),,researchgate.net/publication/280016239_Systems_of_Alkali_and_Rare-Earth_Metal_Fluorides
LiF,SmF3,0.54,0.46,940.9,Fedorov (1999),,researchgate.net/publication/280016239_Systems_of_Alkali_and_Rare-Earth_Metal_Fluorides
LiF,SmF3,0.49,0.51,940.2,Fedorov (1999),,researchgate.net/publication/280016239_Systems_of_Alkali_and_Rare-Earth_Metal_Fluorides
LiF,SmF3,0.45,0.55,936,Fedorov (1999),,researchgate.net/publication/280016239_Systems_of_Alkali_and_Rare-Earth_Metal_Fluorides
LiF,SmF3,0.4,0.6,938.8,Fedorov (1999),,researchgate.net/publication/280016239_Systems_of_Alkali_and_Rare-Earth_Metal_Fluorides
LiF,SmF3,0.4,0.6,905.8,Fedorov (1999),,researchgate.net/publication/280016239_Systems_of_Alkali_and_Rare-Earth_Metal_Fluorides
LiF,SmF3,0.3,0.7,935.3,Fedorov (1999),,researchgate.net/publication/280016239_Systems_of_Alkali_and_Rare-Earth_Metal_Fluorides
LiF,SmF3,0.23,0.77,933.2,Fedorov (1999),,researchgate.net/publication/280016239_Systems_of_Alkali_and_Rare-Earth_Metal_Fluorides
LiF,SmF3,0.09,0.91,933.2,Fedorov (1999),,researchgate.net/publication/280016239_Systems_of_Alkali_and_Rare-Earth_Metal_Fluorides
LiF,SmF3,0.7,0.3,891,Fedorov (1999),,researchgate.net/publication/280016239_Systems_of_Alkali_and_Rare-Earth_Metal_Fluorides
LiF,SmF3,0.66,0.34,889.6,Fedorov (1999),,researchgate.net/publication/280016239_Systems_of_Alkali_and_Rare-Earth_Metal_Fluorides
LiF,SmF3,0.6,0.4,894.5,Fedorov (1999),,researchgate.net/publication/280016239_Systems_of_Alkali_and_Rare-Earth_Metal_Fluorides
LiF,SmF3,0.53,0.47,885.4,Fedorov (1999),,researchgate.net/publication/280016239_Systems_of_Alkali_and_Rare-Earth_Metal_Fluorides
LiF,SmF3,0.49,0.51,888.2,Fedorov (1999),,researchgate.net/publication/280016239_Systems_of_Alkali_and_Rare-Earth_Metal_Fluorides
LiF,SmF3,0.46,0.54,888.2,Fedorov (1999),,researchgate.net/publication/280016239_Systems_of_Alkali_and_Rare-Earth_Metal_Fluorides
LiF,SmF3,0.24,0.76,898.1,Fedorov (1999),,researchgate.net/publication/280016239_Systems_of_Alkali_and_Rare-Earth_Metal_Fluorides
LiF,SmF3,0.16,0.84,898.8,Fedorov (1999),,researchgate.net/publication/280016239_Systems_of_Alkali_and_Rare-Earth_Metal_Fluorides
LiF,SmF3,0.6,0.4,740.7,Fedorov (1999),,researchgate.net/publication/280016239_Systems_of_Alkali_and_Rare-Earth_Metal_Fluorides
LiF,SmF3,0.53,0.47,746.3,Fedorov (1999),,researchgate.net/publication/280016239_Systems_of_Alkali_and_Rare-Earth_Metal_Fluorides
LiF,SmF3,0.5,0.5,747,Fedorov (1999),,researchgate.net/publication/280016239_Systems_of_Alkali_and_Rare-Earth_Metal_Fluorides
LiF,SmF3,0.4,0.6,735.8,Fedorov (1999),,researchgate.net/publication/280016239_Systems_of_Alkali_and_Rare-Earth_Metal_Fluorides
LiF,SmF3,0.2,0.8,754.7,Fedorov (1999),,researchgate.net/publication/280016239_Systems_of_Alkali_and_Rare-Earth_Metal_Fluorides
LiF,SmF3,0.09,0.91,740.7,Fedorov (1999),,researchgate.net/publication/280016239_Systems_of_Alkali_and_Rare-Earth_Metal_Fluorides
LiF,SmF3,0.85,0.15,1048.1,Thoma et al. (1970),,
LiF,SmF3,0.8,0.2,1018.3,Thoma et al. (1970),,
LiF,SmF3,0.75,0.25,983.2,Thoma et al. (1970),,
LiF,SmF3,0.7,0.3,1008.8,Thoma et al. (1970),,
LiF,SmF3,0.6,0.4,1103.3,Thoma et al. (1970),,
LiF,SmF3,0.5,0.5,1183,Thoma et al. (1970),,
LiF,SmF3,0.85,0.15,971.3,Thoma et al. (1970),,
LiF,SmF3,0.75,0.25,971.3,Thoma et al. (1970),,
LiF,SmF3,0.7,0.3,971.3,Thoma et al. (1970),,
LiF,SmF3,0.65,0.35,971.8,Thoma et al. (1970),,
LiF,SmF3,0.5,0.5,971.1,Thoma et al. (1970),,
NaCl,ZrCl4,0.68,0.32,909.6,Lister and Flengas (1965),,doi.org/10.1139/v65-410
NaCl,ZrCl4,0.69,0.31,897.5,Lister and Flengas (1965),,doi.org/10.1139/v65-410
NaCl,ZrCl4,0.7,0.3,874,Lister and Flengas (1965),,doi.org/10.1139/v65-410
NaCl,ZrCl4,0.7,0.3,862.3,Lister and Flengas (1965),,doi.org/10.1139/v65-410
NaCl,ZrCl4,0.71,0.29,846.4,Lister and Flengas (1965),,doi.org/10.1139/v65-410
NaCl,ZrCl4,0.72,0.28,819.4,Lister and Flengas (1965),,doi.org/10.1139/v65-410
NaCl,ZrCl4,0.73,0.27,850.9,Lister and Flengas (1965),,doi.org/10.1139/v65-410
NaCl,ZrCl4,0.74,0.26,862.2,Lister and Flengas (1965),,doi.org/10.1139/v65-410
NaCl,ZrCl4,0.8,0.2,944.2,Lister and Flengas (1965),,doi.org/10.1139/v65-410
NaCl,ZrCl4,0.83,0.17,991.4,Lister and Flengas (1965),,doi.org/10.1139/v65-410
NaCl,ZrCl4,0.87,0.13,1017,Lister and Flengas (1965),,doi.org/10.1139/v65-410
NaCl,ZrCl4,0.92,0.08,1051,Lister and Flengas (1965),,doi.org/10.1139/v65-410
NaCl,ZrCl4,0.93,0.07,1052.1,Lister and Flengas (1965),,doi.org/10.1139/v65-410
NaCl,ZrCl4,0.96,0.04,1061.3,Lister and Flengas (1965),,doi.org/10.1139/v65-410
NaCl,ZrCl4,0.7,0.3,820,Lister and Flengas (1965),,doi.org/10.1139/v65-410
NaCl,ZrCl4,0.73,0.27,823.3,Lister and Flengas (1965),,doi.org/10.1139/v65-410
NaCl,ZrCl4,0.74,0.26,820.5,Lister and Flengas (1965),,doi.org/10.1139/v65-410
NaCl,ZrCl4,0.67,0.33,820.5,Lister and Flengas (1965),,doi.org/10.1139/v65-410
NaCl,ZrCl4,0.53,0.47,738,Kellogg et al. (1955),,osti.gov/biblio/4351392
NaCl,ZrCl4,0.62,0.38,656,Kellogg et al. (1955),,osti.gov/biblio/4351392
NaCl,ZrCl4,0.6,0.4,651.4,Kellogg et al. (1955),,osti.gov/biblio/4351392
NaCl,ZrCl4,0.58,0.42,654,Kellogg et al. (1955),,osti.gov/biblio/4351392
NaCl,ZrCl4,0.53,0.47,653.7,Kellogg et al. (1955),,osti.gov/biblio/4351392
NaCl,ZrCl4,0.62,0.38,645.4,Kellogg et al. (1955),,osti.gov/biblio/4351392
NaCl,ZrCl4,0.6,0.4,645,Kellogg et al. (1955),,osti.gov/biblio/4351392
NaCl,ZrCl4,0.58,0.42,646.2,Kellogg et al. (1955),,osti.gov/biblio/4351392
NaCl,ZrCl4,0.53,0.47,645.9,Kellogg et al. (1955),,osti.gov/biblio/4351392
NaCl,ZrCl4,0.62,0.38,636.3,Kellogg et al. (1955),,osti.gov/biblio/4351392
NaCl,ZrCl4,0.6,0.4,634.2,Kellogg et al. (1955),,osti.gov/biblio/4351392
NaCl,ZrCl4,0.58,0.42,637.8,Kellogg et al. (1955),,osti.gov/biblio/4351392
NaCl,ZrCl4,0.53,0.47,635,Kellogg et al. (1955),,osti.gov/biblio/4351392
NaCl,ZrCl4,0.47,0.53,635.2,Kellogg et al. (1955),,osti.gov/biblio/4351392
NaCl,ZrCl4,0.42,0.58,611.1,Kellogg et al. (1955),,osti.gov/biblio/4351392
NaCl,ZrCl4,0,1,709.2,Kellogg et al. (1955),,osti.gov/biblio/4351392
NaCl,ZrCl4,0.34,0.66,606.9,Kellogg et al. (1955),,osti.gov/biblio/4351392
NaCl,ZrCl4,0.62,0.38,585.9,Kellogg et al. (1955),,osti.gov/biblio/4351392
NaCl,ZrCl4,0.6,0.4,585.5,Kellogg et al. (1955),,osti.gov/biblio/4351392
NaCl,ZrCl4,0.58,0.42,587,Kellogg et al. (1955),,osti.gov/biblio/4351392
NaCl,ZrCl4,0.53,0.47,592.9,Kellogg et al. (1955),,osti.gov/biblio/4351392
NaCl,ZrCl4,0.47,0.53,586.5,Kellogg et al. (1955),,osti.gov/biblio/4351392
NaCl,ZrCl4,0.42,0.58,587,Kellogg et al. (1955),,osti.gov/biblio/4351392
NaCl,ZrCl4,0.39,0.61,588.2,Kellogg et al. (1955),,osti.gov/biblio/4351392
NaCl,ZrCl4,0.38,0.62,586.8,Kellogg et al. (1955),,osti.gov/biblio/4351392
NaCl,ZrCl4,0.39,0.61,586.2,Kellogg et al. (1955),,osti.gov/biblio/4351392
NaCl,ZrCl4,0.38,0.62,587.1,Kellogg et al. (1955),,osti.gov/biblio/4351392
NaCl,ZrCl4,0.35,0.65,589.7,Kellogg et al. (1955),,osti.gov/biblio/4351392
NaCl,ZrCl4,0.34,0.66,589.8,Kellogg et al. (1955),,osti.gov/biblio/4351392
NaCl,ZrCl4,0.35,0.65,592.1,Kellogg et al. (1955),,osti.gov/biblio/4351392
NaCl,ZrCl4,1,0,1071.8,Morozov and Korshunov (1956),,osti.gov/biblio/4727729
NaCl,ZrCl4,0.98,0.02,1056.2,Morozov and Korshunov (1956),,osti.gov/biblio/4727729
NaCl,ZrCl4,0.96,0.04,1060,Morozov and Korshunov (1956),,osti.gov/biblio/4727729
NaCl,ZrCl4,0.95,0.05,1044.4,Morozov and Korshunov (1956),,osti.gov/biblio/4727729
NaCl,ZrCl4,0.93,0.07,1037.9,Morozov and Korshunov (1956),,osti.gov/biblio/4727729
NaCl,ZrCl4,0.92,0.08,1024.7,Morozov and Korshunov (1956),,osti.gov/biblio/4727729
NaCl,ZrCl4,0.89,0.11,1012.9,Morozov and Korshunov (1956),,osti.gov/biblio/4727729
NaCl,ZrCl4,0.89,0.11,994.7,Morozov and Korshunov (1956),,osti.gov/biblio/4727729
NaCl,ZrCl4,0.87,0.13,1007.6,Morozov and Korshunov (1956),,osti.gov/biblio/4727729
NaCl,ZrCl4,0.86,0.14,987.8,Morozov and Korshunov (1956),,osti.gov/biblio/4727729
NaCl,ZrCl4,0.8,0.2,961.1,Morozov and Korshunov (1956),,osti.gov/biblio/4727729
NaCl,ZrCl4,0.72,0.28,832.3,Morozov and Korshunov (1956),,osti.gov/biblio/4727729
NaCl,ZrCl4,0.69,0.31,879.2,Morozov and Korshunov (1956),,osti.gov/biblio/4727729
NaCl,ZrCl4,0.66,0.34,921.9,Morozov and Korshunov (1956),,osti.gov/biblio/4727729
NaCl,ZrCl4,0.62,0.38,844.7,Morozov and Korshunov (1956),,osti.gov/biblio/4727729
NaCl,ZrCl4,0.59,0.41,753.6,Morozov and Korshunov (1956),,osti.gov/biblio/4727729
NaCl,ZrCl4,0.96,0.04,810.2,Morozov and Korshunov (1956),,osti.gov/biblio/4727729
NaCl,ZrCl4,0.94,0.06,808.6,Morozov and Korshunov (1956),,osti.gov/biblio/4727729
NaCl,ZrCl4,0.92,0.08,803.3,Morozov and Korshunov (1956),,osti.gov/biblio/4727729
NaCl,ZrCl4,0.9,0.1,807.7,Morozov and Korshunov (1956),,osti.gov/biblio/4727729
NaCl,ZrCl4,0.88,0.12,807.9,Morozov and Korshunov (1956),,osti.gov/biblio/4727729
NaCl,ZrCl4,0.88,0.12,814.6,Morozov and Korshunov (1956),,osti.gov/biblio/4727729
NaCl,ZrCl4,0.86,0.14,806.9,Morozov and Korshunov (1956),,osti.gov/biblio/4727729
NaCl,ZrCl4,0.84,0.16,822.1,Morozov and Korshunov (1956),,osti.gov/biblio/4727729
NaCl,ZrCl4,0.8,0.2,808.6,Morozov and Korshunov (1956),,osti.gov/biblio/4727729
NaCl,ZrCl4,0.79,0.21,809.3,Morozov and Korshunov (1956),,osti.gov/biblio/4727729
NaCl,ZrCl4,0.78,0.22,808.2,Morozov and Korshunov (1956),,osti.gov/biblio/4727729
NaCl,ZrCl4,0.75,0.25,813.9,Morozov and Korshunov (1956),,osti.gov/biblio/4727729
NaCl,ZrCl4,0.71,0.29,810,Morozov and Korshunov (1956),,osti.gov/biblio/4727729
NaCl,ZrCl4,0.67,0.33,785,Morozov and Korshunov (1956),,osti.gov/biblio/4727729
NaCl,ZrCl4,0.93,0.07,644.7,Morozov and Korshunov (1956),,osti.gov/biblio/4727729
NaCl,ZrCl4,0.92,0.08,647.2,Morozov and Korshunov (1956),,osti.gov/biblio/4727729
NaCl,ZrCl4,0.9,0.1,645.6,Morozov and Korshunov (1956),,osti.gov/biblio/4727729
NaCl,ZrCl4,0.88,0.12,640.3,Morozov and Korshunov (1956),,osti.gov/biblio/4727729
NaCl,ZrCl4,0.87,0.13,641,Morozov and Korshunov (1956),,osti.gov/biblio/4727729
NaCl,ZrCl4,0.85,0.15,643.6,Morozov and Korshunov (1956),,osti.gov/biblio/4727729
NaCl,ZrCl4,0.85,0.15,650.9,Morozov and Korshunov (1956),,osti.gov/biblio/4727729
NaCl,ZrCl4,0.8,0.2,646.4,Morozov and Korshunov (1956),,osti.gov/biblio/4727729
NaCl,ZrCl4,0.79,0.21,646.6,Morozov and Korshunov (1956),,osti.gov/biblio/4727729
NaCl,ZrCl4,0.77,0.23,647.3,Morozov and Korshunov (1956),,osti.gov/biblio/4727729
NaCl,ZrCl4,0.75,0.25,647.5,Morozov and Korshunov (1956),,osti.gov/biblio/4727729
NaCl,ZrCl4,0.7,0.3,646.1,Morozov and Korshunov (1956),,osti.gov/biblio/4727729
NaCl,ZrCl4,0.67,0.33,645.2,Morozov and Korshunov (1956),,osti.gov/biblio/4727729
NaCl,ZrCl4,0.64,0.36,638.8,Morozov and Korshunov (1956),,osti.gov/biblio/4727729
NaCl,ZrCl4,0.62,0.38,639.6,Morozov and Korshunov (1956),,osti.gov/biblio/4727729
NaCl,ZrCl4,0.6,0.4,643.5,Morozov and Korshunov (1956),,osti.gov/biblio/4727729
NaCl,ZrCl4,0.56,0.44,645.6,Morozov and Korshunov (1956),,osti.gov/biblio/4727729
NaCl,ZrCl4,0.53,0.47,641,Morozov and Korshunov (1956),,osti.gov/biblio/4727729
NaCl,ZrCl4,0.93,0.07,612,Morozov and Korshunov (1956),,osti.gov/biblio/4727729
NaCl,ZrCl4,0.91,0.09,610.3,Morozov and Korshunov (1956),,osti.gov/biblio/4727729
NaCl,ZrCl4,0.89,0.11,607.5,Morozov and Korshunov (1956),,osti.gov/biblio/4727729
NaCl,ZrCl4,0.87,0.13,613.2,Morozov and Korshunov (1956),,osti.gov/biblio/4727729
NaCl,ZrCl4,0.86,0.14,615.1,Morozov and Korshunov (1956),,osti.gov/biblio/4727729
NaCl,ZrCl4,0.84,0.16,611.6,Morozov and Korshunov (1956),,osti.gov/biblio/4727729
NaCl,ZrCl4,0.8,0.2,618.1,Morozov and Korshunov (1956),,osti.gov/biblio/4727729
NaCl,ZrCl4,0.78,0.22,611.5,Morozov and Korshunov (1956),,osti.gov/biblio/4727729
NaCl,ZrCl4,0.77,0.23,611,Morozov and Korshunov (1956),,osti.gov/biblio/4727729
NaCl,ZrCl4,0.75,0.25,610.6,Morozov and Korshunov (1956),,osti.gov/biblio/4727729
NaCl,ZrCl4,0.71,0.29,611.6,Morozov and Korshunov (1956),,osti.gov/biblio/4727729
NaCl,ZrCl4,0.67,0.33,607.7,Morozov and Korshunov (1956),,osti.gov/biblio/4727729
NaCl,ZrCl4,0.64,0.36,623.1,Morozov and Korshunov (1956),,osti.gov/biblio/4727729
NaCl,ZrCl4,0.61,0.39,618.5,Morozov and Korshunov (1956),,osti.gov/biblio/4727729
NaCl,ZrCl4,0.59,0.41,608.4,Morozov and Korshunov (1956),,osti.gov/biblio/4727729
NaCl,ZrCl4,0.56,0.44,611.7,Morozov and Korshunov (1956),,osti.gov/biblio/4727729
NaCl,ZrCl4,0.53,0.47,604.7,Morozov and Korshunov (1956),,osti.gov/biblio/4727729
NaCl,ZrCl4,0.49,0.51,608.2,Morozov and Korshunov (1956),,osti.gov/biblio/4727729
NaCl,ZrCl4,0.49,0.51,626.3,Morozov and Korshunov (1956),,osti.gov/biblio/4727729
NaCl,ZrCl4,0.62,0.38,578.5,Morozov and Korshunov (1956),,osti.gov/biblio/4727729
NaCl,ZrCl4,0.6,0.4,578.7,Morozov and Korshunov (1956),,osti.gov/biblio/4727729
NaCl,ZrCl4,0.53,0.47,576.9,Morozov and Korshunov (1956),,osti.gov/biblio/4727729
NaCl,ZrCl4,0.49,0.51,576.7,Morozov and Korshunov (1956),,osti.gov/biblio/4727729
NaCl,ZrCl4,0.41,0.59,585.3,Morozov and Korshunov (1956),,osti.gov/biblio/4727729
NaCl,ZrCl4,0.4,0.6,581.8,Morozov and Korshunov (1956),,osti.gov/biblio/4727729
NaCl,ZrCl4,0.35,0.65,579.2,Morozov and Korshunov (1956),,osti.gov/biblio/4727729
NaCl,ZrCl4,0.3,0.7,582,Morozov and Korshunov (1956),,osti.gov/biblio/4727729
NaCl,ZrCl4,0.3,0.7,589.9,Morozov and Korshunov (1956),,osti.gov/biblio/4727729
NaCl,ZrCl4,0.17,0.83,672.7,Morozov and Korshunov (1956),,osti.gov/biblio/4727729
NaCl,ZrCl4,0,1,703.3,Morozov and Korshunov (1956),,osti.gov/biblio/4727729
NaCl,ZrCl4,0.17,0.83,583.8,Morozov and Korshunov (1956),,osti.gov/biblio/4727729
MgCl2,NaCl,1,0,993,Abramov (1935),liquidus,
MgCl2,NaCl,0.8,0.2,938,Abramov (1935),liquidus,
MgCl2,NaCl,0.67,0.33,879,Abramov (1935),liquidus,
MgCl2,NaCl,0.59,0.41,838,Abramov (1935),liquidus,
MgCl2,NaCl,0.5,0.5,753,Abramov (1935),liquidus,
MgCl2,NaCl,0.46,0.54,733,Abramov (1935),liquidus,
MgCl2,NaCl,0.41,0.59,733,Abramov (1935),liquidus,
MgCl2,NaCl,0.38,0.62,753,Abramov (1935),liquidus,
MgCl2,NaCl,0.33,0.67,833,Abramov (1935),liquidus,
MgCl2,NaCl,0.2,0.8,968,Abramov (1935),liquidus,
MgCl2,NaCl,0,1,1088,Abramov (1935),liquidus,
MgCl2,NaCl,0.9,0.1,688.1,Abramov (1935),solidus,
MgCl2,NaCl,0.89,0.11,715.5,Abramov (1935),solidus,
MgCl2,NaCl,0.82,0.18,720.4,Abramov (1935),solidus,
MgCl2,NaCl,0.82,0.18,694.8,Abramov (1935),solidus,
MgCl2,NaCl,0.64,0.36,724.6,Abramov (1935),solidus,
MgCl2,NaCl,0.64,0.36,701.7,Abramov (1935),solidus,
MgCl2,NaCl,0.52,0.48,722.4,Abramov (1935),solidus,
MgCl2,NaCl,0.52,0.48,699.4,Abramov (1935),solidus,
MgCl2,NaCl,0.49,0.51,679,Abramov (1935),solidus,
MgCl2,NaCl,0.46,0.54,694.7,Abramov (1935),solidus,
MgCl2,NaCl,0.38,0.62,698.1,Abramov (1935),solidus,
MgCl2,NaCl,0.38,0.62,714,Abramov (1935),solidus,
MgCl2,NaCl,0.35,0.65,712.2,Abramov (1935),solidus,
MgCl2,NaCl,0.31,0.69,703.1,Abramov (1935),solidus,
MgCl2,NaCl,0.31,0.69,734,Abramov (1935),solidus,
MgCl2,NaCl,0.23,0.77,745.4,Abramov (1935),solidus,
MgCl2,NaCl,0.23,0.77,704.8,Abramov (1935),solidus,
MgCl2,NaCl,0.15,0.85,740.6,Abramov (1935),solidus,
MgCl2,NaCl,0.15,0.85,700.9,Abramov (1935),solidus,
MgCl2,NaCl,0.1,0.9,739.9,Abramov (1935),solidus,
MgCl2,NaCl,0.1,0.9,700.3,Abramov (1935),solidus,
MgCl2,NaCl,0.05,0.95,698,Abramov (1935),solidus,
MgCl2,NaCl,0.05,0.95,739.6,Abramov (1935),solidus,
MgCl2,NaCl,0,1,1073.9,Grjotheim (1972),liquidus,
MgCl2,NaCl,0.1,0.9,1032.7,Grjotheim (1972),liquidus,
MgCl2,NaCl,0.17,0.83,983.7,Grjotheim (1972),liquidus,
MgCl2,NaCl,0.22,0.78,941.2,Grjotheim (1972),liquidus,
MgCl2,NaCl,0.27,0.73,882.5,Grjotheim (1972),liquidus,
MgCl2,NaCl,0.31,0.69,830.3,Grjotheim (1972),liquidus,
MgCl2,NaCl,0.33,0.67,805,Grjotheim (1972),liquidus,
MgCl2,NaCl,0.36,0.64,763,Grjotheim (1972),liquidus,
MgCl2,NaCl,0.36,0.64,748.2,Grjotheim (1972),liquidus,
MgCl2,NaCl,0.38,0.62,741.7,Grjotheim (1972),liquidus,
MgCl2,NaCl,0.39,0.61,736.1,Grjotheim (1972),liquidus,
MgCl2,NaCl,0.41,0.59,722.7,Grjotheim (1972),liquidus,
MgCl2,NaCl,0.43,0.57,733.7,Grjotheim (1972),liquidus,
MgCl2,NaCl,0.45,0.55,738.8,Grjotheim (1972),liquidus,
MgCl2,NaCl,0.48,0.52,741,Grjotheim (1972),liquidus,
MgCl2,NaCl,0.49,0.51,754.8,Grjotheim (1972),liquidus,
MgCl2,NaCl,0.5,0.5,765.4,Grjotheim (1972),liquidus,
MgCl2,NaCl,0.54,0.46,796.6,Grjotheim (1972),liquidus,
MgCl2,NaCl,0.6,0.4,832.5,Grjotheim (1972),liquidus,
MgCl2,NaCl,1,0,988.7,Grjotheim (1972),liquidus,
MgCl2,NaCl,0.1,0.9,745.1,Grjotheim (1972),solidus,
MgCl2,NaCl,0.17,0.83,750,Grjotheim (1972),solidus,
MgCl2,NaCl,0.22,0.78,748.5,Grjotheim (1972),solidus,
MgCl2,NaCl,0.27,0.73,748.9,Grjotheim (1972),solidus,
MgCl2,NaCl,0.31,0.69,740.5,Grjotheim (1972),solidus,
MgCl2,NaCl,0.33,0.67,746.4,Grjotheim (1972),solidus,
MgCl2,NaCl,0.36,0.64,748.2,Grjotheim (1972),solidus,
MgCl2,NaCl,0.33,0.67,714.6,Grjotheim (1972),solidus,
MgCl2,NaCl,0.36,0.64,718.7,Grjotheim (1972),solidus,
MgCl2,NaCl,0.38,0.62,718.2,Grjotheim (1972),solidus,
MgCl2,NaCl,0.39,0.61,715.9,Grjotheim (1972),solidus,
MgCl2,NaCl,0.4,0.6,718.6,Grjotheim (1972),solidus,
MgCl2,NaCl,0.41,0.59,722.7,Grjotheim (1972),solidus,
MgCl2,NaCl,0.41,0.59,717.7,Grjotheim (1972),solidus,
MgCl2,NaCl,0.43,0.57,718.1,Grjotheim (1972),solidus,
MgCl2,NaCl,0.45,0.55,718,Grjotheim (1972),solidus,
MgCl2,NaCl,0.48,0.52,717.5,Grjotheim (1972),solidus,
MgCl2,NaCl,0.49,0.51,740.5,Grjotheim (1972),solidus,
MgCl2,NaCl,0.5,0.5,740,Grjotheim (1972),solidus,
MgCl2,NaCl,0.54,0.46,739.5,Grjotheim (1972),solidus,
MgCl2,NaCl,0.6,0.4,741.2,Grjotheim (1972),solidus,
MgCl2,NaCl,1,0,984,Menge (1911),liquidus,
MgCl2,NaCl,0.89,0.11,947,Menge (1911),liquidus,
MgCl2,NaCl,0.83,0.18,923,Menge (1911),liquidus,
MgCl2,NaCl,0.64,0.36,852,Menge (1911),liquidus,
MgCl2,NaCl,0.52,0.48,763,Menge (1911),liquidus,
MgCl2,NaCl,0.47,0.53,712,Menge (1911),liquidus,
MgCl2,NaCl,0.39,0.61,761,Menge (1911),liquidus,
MgCl2,NaCl,0.36,0.64,765,Menge (1911),liquidus,
MgCl2,NaCl,0.31,0.69,818,Menge (1911),liquidus,
MgCl2,NaCl,0.23,0.77,911,Menge (1911),liquidus,
MgCl2,NaCl,0.16,0.85,985,Menge (1911),liquidus,
MgCl2,NaCl,0.1,0.9,1030,Menge (1911),liquidus,
MgCl2,NaCl,0.05,0.95,1055,Menge (1911),liquidus,
MgCl2,NaCl,0,1,1076,Menge (1911),liquidus,
MgCl2,NaCl,0.89,0.11,719,Menge (1911),solidus,
MgCl2,NaCl,0.83,0.18,722,Menge (1911),solidus,
MgCl2,NaCl,0.64,0.36,725,Menge (1911),solidus,
MgCl2,NaCl,0.52,0.48,718,Menge (1911),solidus,
MgCl2,NaCl,0.31,0.69,733,Menge (1911),solidus,
MgCl2,NaCl,0.23,0.77,741,Menge (1911),solidus,
MgCl2,NaCl,0.16,0.85,741,Menge (1911),solidus,
MgCl2,NaCl,0.1,0.9,739,Menge (1911),solidus,
MgCl2,NaCl,0.05,0.95,733,Menge (1911),solidus,
MgCl2,NaCl,0.89,0.11,692,Menge (1911),solidus,
MgCl2,NaCl,0.83,0.18,702,Menge (1911),solidus,
MgCl2,NaCl,0.64,0.36,705,Menge (1911),solidus,
MgCl2,NaCl,0.52,0.48,702,Menge (1911),solidus,
MgCl2,NaCl,0.47,0.53,703,Menge (1911),solidus,
MgCl2,NaCl,0.44,0.56,703,Menge (1911),solidus,
MgCl2,NaCl,0.39,0.61,703,Menge (1911),solidus,
MgCl2,NaCl,0.36,0.64,710,Menge (1911),solidus,
MgCl2,NaCl,0.31,0.69,704,Menge (1911),solidus,
MgCl2,NaCl,0.23,0.77,702,Menge (1911),solidus,
MgCl2,NaCl,0.16,0.85,703,Menge (1911),solidus,
MgCl2,NaCl,0.1,0.9,702,Menge (1911),solidus,
MgCl2,NaCl,0.05,0.95,696,Menge (1911),solidus,
MgCl2,NaCl,0,1,1072.4,Matiasovsky (1959),liquidus,
MgCl2,NaCl,0.06,0.94,1038.3,Matiasovsky (1959),liquidus,
MgCl2,NaCl,0.1,0.9,1017.4,Matiasovsky (1959),liquidus,
MgCl2,NaCl,0.13,0.87,994.7,Matiasovsky (1959),liquidus,
MgCl2,NaCl,0.21,0.79,933.2,Matiasovsky (1959),liquidus,
MgCl2,NaCl,0.25,0.75,896.7,Matiasovsky (1959),liquidus,
MgCl2,NaCl,0.33,0.67,823.8,Matiasovsky (1959),liquidus,
MgCl2,NaCl,0.38,0.62,780.8,Matiasovsky (1959),liquidus,
MgCl2,NaCl,0.43,0.57,735.4,Matiasovsky (1959),liquidus,
MgCl2,NaCl,0.48,0.52,731.8,Matiasovsky (1959),liquidus,
MgCl2,NaCl,0.5,0.5,740.7,Matiasovsky (1959),liquidus,
MgCl2,NaCl,0.56,0.44,784.4,Matiasovsky (1959),liquidus,
MgCl2,NaCl,0.7,0.3,865,Matiasovsky (1959),liquidus,
MgCl2,NaCl,0.83,0.17,921.8,Matiasovsky (1959),liquidus,
MgCl2,NaCl,1,0,981,Matiasovsky (1959),liquidus,
MgCl2,NaCl,0.1,0.9,761,Matiasovsky (1959),solidus,
MgCl2,NaCl,0.13,0.87,762.8,Matiasovsky (1959),solidus,
MgCl2,NaCl,0.21,0.79,758.1,Matiasovsky (1959),solidus,
MgCl2,NaCl,0.25,0.75,759.3,Matiasovsky (1959),solidus,
MgCl2,NaCl,0.33,0.67,758.7,Matiasovsky (1959),solidus,
MgCl2,NaCl,0.33,0.67,722.8,Matiasovsky (1959),solidus,
MgCl2,NaCl,0.38,0.62,760.5,Matiasovsky (1959),solidus,
MgCl2,NaCl,0.43,0.57,722.2,Matiasovsky (1959),solidus,
MgCl2,NaCl,0.47,0.53,722.8,Matiasovsky (1959),solidus,
MgCl2,NaCl,0.5,0.5,721.6,Matiasovsky (1959),solidus,
MgCl2,NaCl,0.5,0.5,735.4,Matiasovsky (1959),solidus,
MgCl2,NaCl,0.56,0.44,736.5,Matiasovsky (1959),solidus,
MgCl2,NaCl,0.56,0.44,718,Matiasovsky (1959),solidus,
MgCl2,NaCl,0.7,0.3,734.8,Matiasovsky (1959),solidus,
MgCl2,NaCl,0.7,0.3,721.6,Matiasovsky (1959),solidus,
MgCl2,NaCl,0.83,0.17,738.3,Matiasovsky (1959),solidus,
MgCl2,NaCl,0.8,0.2,985.5,Scholich (1920),liquidus,
MgCl2,NaCl,0.7,0.3,882.2,Scholich (1920),liquidus,
MgCl2,NaCl,0.6,0.4,767,Scholich (1920),liquidus,
MgCl2,NaCl,0.6,0.4,748.7,Scholich (1920),liquidus,
MgCl2,NaCl,0.61,0.39,749.3,Scholich (1920),liquidus,
MgCl2,NaCl,0.4,0.6,800.7,Scholich (1920),liquidus,
MgCl2,NaCl,0.3,0.7,871.4,Scholich (1920),liquidus,
MgCl2,NaCl,0.2,0.8,922.4,Scholich (1920),liquidus,
MgCl2,NaCl,0.8,0.2,748.4,Scholich (1920),solidus,
MgCl2,NaCl,0.8,0.2,714.9,Scholich (1920),solidus,
MgCl2,NaCl,0.7,0.3,750.7,Scholich (1920),solidus,
MgCl2,NaCl,0.7,0.3,714.1,Scholich (1920),solidus,
MgCl2,NaCl,0.5,0.5,716.2,Scholich (1920),solidus,
MgCl2,NaCl,0.45,0.55,718,Scholich (1920),solidus,
MgCl2,NaCl,0.45,0.55,728.8,Scholich (1920),solidus,
MgCl2,NaCl,0.4,0.6,715.4,Scholich (1920),solidus,
MgCl2,NaCl,0.3,0.7,715.9,Scholich (1920),solidus,
MgCl2,NaCl,0.3,0.7,734.8,Scholich (1920),solidus,
MgCl2,NaCl,0.2,0.8,714.4,Scholich (1920),solidus,
MgCl2,NaCl,0.2,0.8,734.6,Scholich (1920),solidus,
MgCl2,NaCl,0.21,0.79,952.3,Seifert (1977),liquidus,doi.org/10.1002/zaac.19774360131
MgCl2,NaCl,0.27,0.73,891.4,Seifert (1977),liquidus,doi.org/10.1002/zaac.19774360131
MgCl2,NaCl,0.33,0.67,826.6,Seifert (1977),liquidus,doi.org/10.1002/zaac.19774360131
MgCl2,NaCl,0.35,0.65,786.8,Seifert (1977),liquidus,doi.org/10.1002/zaac.19774360131
MgCl2,NaCl,0.55,0.45,772.9,Seifert (1977),liquidus,doi.org/10.1002/zaac.19774360131
MgCl2,NaCl,0.58,0.42,805.9,Seifert (1977),liquidus,doi.org/10.1002/zaac.19774360131
MgCl2,NaCl,0.63,0.37,849.6,Seifert (1977),liquidus,doi.org/10.1002/zaac.19774360131
MgCl2,NaCl,0.67,0.33,870.5,Seifert (1977),liquidus,doi.org/10.1002/zaac.19774360131
MgCl2,NaCl,0.73,0.27,898.3,Seifert (1977),liquidus,doi.org/10.1002/zaac.19774360131
MgCl2,NaCl,0.81,0.19,930,Seifert (1977),liquidus,doi.org/10.1002/zaac.19774360131
MgCl2,NaCl,0.89,0.11,959.5,Seifert (1977),liquidus,doi.org/10.1002/zaac.19774360131
MgCl2,NaCl,1,0,988.5,Klemm (1940),liquidus,
MgCl2,NaCl,0.9,0.1,972.5,Klemm (1940),liquidus,
MgCl2,NaCl,0.8,0.2,942.7,Klemm (1940),liquidus,
MgCl2,NaCl,0.7,0.3,912.8,Klemm (1940),liquidus,
MgCl2,NaCl,0.6,0.4,861.8,Klemm (1940),liquidus,
MgCl2,NaCl,0.55,0.45,827.6,Klemm (1940),liquidus,
MgCl2,NaCl,0.5,0.5,782.5,Klemm (1940),liquidus,
MgCl2,NaCl,0.45,0.55,734.4,Klemm (1940),liquidus,
MgCl2,NaCl,0.42,0.58,737.3,Klemm (1940),liquidus,
MgCl2,NaCl,0.4,0.6,722.8,Klemm (1940),liquidus,
MgCl2,NaCl,0.36,0.64,757.7,Klemm (1940),liquidus,
MgCl2,NaCl,0.33,0.67,809.4,Klemm (1940),liquidus,
MgCl2,NaCl,0.3,0.7,863.3,Klemm (1940),liquidus,
MgCl2,NaCl,0.25,0.75,928.8,Klemm (1940),liquidus,
MgCl2,NaCl,0.22,0.78,956.5,Klemm (1940),liquidus,
MgCl2,NaCl,0.2,0.8,981.3,Klemm (1940),liquidus,
MgCl2,NaCl,0.15,0.85,1006,Klemm (1940),liquidus,
MgCl2,NaCl,0.1,0.9,1031.5,Klemm (1940),liquidus,
MgCl2,NaCl,0,1,1074.5,Klemm (1940),liquidus,
MgCl2,NaCl,0.9,0.1,731.5,Klemm (1940),solidus,
MgCl2,NaCl,0.8,0.2,732.2,Klemm (1940),solidus,
MgCl2,NaCl,0.7,0.3,734.4,Klemm (1940),solidus,
MgCl2,NaCl,0.6,0.4,740.2,Klemm (1940),solidus,
MgCl2,NaCl,0.55,0.45,740.2,Klemm (1940),solidus,
MgCl2,NaCl,0.49,0.51,740.2,Klemm (1940),solidus,
MgCl2,NaCl,0.45,0.55,707.5,Klemm (1940),solidus,
MgCl2,NaCl,0.4,0.6,722.8,Klemm (1940),solidus,
MgCl2,NaCl,0.38,0.62,721.3,Klemm (1940),solidus,
MgCl2,NaCl,0.36,0.64,720.6,Klemm (1940),solidus,
MgCl2,NaCl,0.33,0.67,722.8,Klemm (1940),solidus,
MgCl2,NaCl,0.33,0.67,759.2,Klemm (1940),solidus,
MgCl2,NaCl,0.3,0.7,759.9,Klemm (1940),solidus,
MgCl2,NaCl,0.25,0.75,759.2,Klemm (1940),solidus,
MgCl2,NaCl,0.22,0.78,761.3,Klemm (1940),solidus,
MgCl2,NaCl,0.2,0.8,759.9,Klemm (1940),solidus,
MgCl2,NaCl,0.15,0.85,763.5,Klemm (1940),solidus,
MgCl2,NaCl,0.1,0.9,759.2,Klemm (1940),solidus,
NaCl,UCl3,0,1,1115,Sooby (2015),liquidus,doi.org/10.1016/j.jnucmat.2015.07.050
NaCl,UCl3,0.44,0.56,960,Sooby (2015),liquidus,doi.org/10.1016/j.jnucmat.2015.07.050
NaCl,UCl3,0.66,0.34,796,Sooby (2015),liquidus,doi.org/10.1016/j.jnucmat.2015.07.050
NaCl,UCl3,0.77,0.23,934,Sooby (2015),liquidus,doi.org/10.1016/j.jnucmat.2015.07.050
NaCl,UCl3,0.88,0.12,1020,Sooby (2015),liquidus,doi.org/10.1016/j.jnucmat.2015.07.050
NaCl,UCl3,0.39,0.61,987,Sooby (2015),liquidus,doi.org/10.1016/j.jnucmat.2015.07.050
NaCl,UCl3,1,0,1075,Sooby (2015),liquidus,doi.org/10.1016/j.jnucmat.2015.07.050
NaCl,UCl3,0,1,1115,Sooby (2015),solidus,doi.org/10.1016/j.jnucmat.2015.07.050
NaCl,UCl3,0.44,0.56,795,Sooby (2015),solidus,doi.org/10.1016/j.jnucmat.2015.07.050
NaCl,UCl3,0.66,0.34,796,Sooby (2015),solidus,doi.org/10.1016/j.jnucmat.2015.07.050
NaCl,UCl3,0.77,0.23,795,Sooby (2015),solidus,doi.org/10.1016/j.jnucmat.2015.07.050
NaCl,UCl3,0.88,0.12,796,Sooby (2015),solidus,doi.org/10.1016/j.jnucmat.2015.07.050
NaCl,UCl3,0.39,0.61,794,Sooby (2015),solidus,doi.org/10.1016/j.jnucmat.2015.07.050
NaCl,UCl3,1,0,1075,Sooby (2015),solidus,doi.org/10.1016/j.jnucmat.2015.07.050
NaF,UF4,1,0,1268,Krauss (1943),liquidus,doi.org/10.2172/12687930
NaF,UF4,0.9,0.1,1267,Krauss (1943),liquidus,doi.org/10.2172/12687930
NaF,UF4,0.9,0.1,1180,Krauss (1943),liquidus,doi.org/10.2172/12687930
NaF,UF4,0.82,0.18,1038,Krauss (1943),liquidus,doi.org/10.2172/12687930
NaF,UF4,0.78,0.22,926,Krauss (1943),liquidus,doi.org/10.2172/12687930
NaF,UF4,0.75,0.25,890,Krauss (1943),liquidus,doi.org/10.2172/12687930
NaF,UF4,0.7,0.3,895,Krauss (1943),liquidus,doi.org/10.2172/12687930
NaF,UF4,0.7,0.3,895,Krauss (1943),liquidus,doi.org/10.2172/12687930
NaF,UF4,0.67,0.33,907,Krauss (1943),liquidus,doi.org/10.2172/12687930
NaF,UF4,0.65,0.35,931,Krauss (1943),liquidus,doi.org/10.2172/12687930
NaF,UF4,0.65,0.35,931,Krauss (1943),liquidus,doi.org/10.2172/12687930
NaF,UF4,0.65,0.35,920,Krauss (1943),liquidus,doi.org/10.2172/12687930
NaF,UF4,0.6,0.4,966,Krauss (1943),liquidus,doi.org/10.2172/12687930
NaF,UF4,0.6,0.4,966,Krauss (1943),liquidus,doi.org/10.2172/12687930
NaF,UF4,0.6,0.4,961,Krauss (1943),liquidus,doi.org/10.2172/12687930
NaF,UF4,0.55,0.45,976,Krauss (1943),liquidus,doi.org/10.2172/12687930
NaF,UF4,0.5,0.5,987,Krauss (1943),liquidus,doi.org/10.2172/12687930
NaF,UF4,0.45,0.55,958,Krauss (1943),liquidus,doi.org/10.2172/12687930
NaF,UF4,0.4,0.6,968,Krauss (1943),liquidus,doi.org/10.2172/12687930
NaF,UF4,0.3,0.7,963,Krauss (1943),liquidus,doi.org/10.2172/12687930
NaF,UF4,0.25,0.75,1104,Krauss (1943),liquidus,doi.org/10.2172/12687930
NaF,UF4,0.25,0.75,1099,Krauss (1943),liquidus,doi.org/10.2172/12687930
NaF,UF4,0.121,0.879,1178,Krauss (1943),liquidus,doi.org/10.2172/12687930
NaF,UF4,0.1,0.9,1128,Krauss (1943),liquidus,doi.org/10.2172/12687930
NaF,UF4,0.1,0.9,1143,Krauss (1943),liquidus,doi.org/10.2172/12687930
NaF,UF4,0,1,1178,Krauss (1943),liquidus,doi.org/10.2172/12687930
NaF,UF4,0,1,1238,Krauss (1943),liquidus,doi.org/10.2172/12687930
NaF,UF4,0.9,0.1,875,Krauss (1943),solidus,doi.org/10.2172/12687930
NaF,UF4,0.9,0.1,870,Krauss (1943),solidus,doi.org/10.2172/12687930
NaF,UF4,0.82,0.18,893,Krauss (1943),solidus,doi.org/10.2172/12687930
NaF,UF4,0.82,0.18,890,Krauss (1943),solidus,doi.org/10.2172/12687930
NaF,UF4,0.78,0.22,875,Krauss (1943),solidus,doi.org/10.2172/12687930
NaF,UF4,0.75,0.25,808,Krauss (1943),solidus,doi.org/10.2172/12687930
NaF,UF4,0.7,0.3,803,Krauss (1943),solidus,doi.org/10.2172/12687930
NaF,UF4,0.7,0.3,803,Krauss (1943),solidus,doi.org/10.2172/12687930
NaF,UF4,0.67,0.33,895,Krauss (1943),solidus,doi.org/10.2172/12687930
NaF,UF4,0.65,0.35,910,Krauss (1943),solidus,doi.org/10.2172/12687930
NaF,UF4,0.65,0.35,910,Krauss (1943),solidus,doi.org/10.2172/12687930
NaF,UF4,0.65,0.35,895,Krauss (1943),solidus,doi.org/10.2172/12687930
NaF,UF4,0.6,0.4,870,Krauss (1943),solidus,doi.org/10.2172/12687930
NaF,UF4,0.6,0.4,870,Krauss (1943),solidus,doi.org/10.2172/12687930
NaF,UF4,0.6,0.4,865,Krauss (1943),solidus,doi.org/10.2172/12687930
NaF,UF4,0.55,0.45,854,Krauss (1943),solidus,doi.org/10.2172/12687930
NaF,UF4,0.45,0.55,923,Krauss (1943),solidus,doi.org/10.2172/12687930
NaF,UF4,0.4,0.6,923,Krauss (1943),solidus,doi.org/10.2172/12687930
NaF,UF4,0.3,0.7,920,Krauss (1943),solidus,doi.org/10.2172/12687930
NaF,UF4,0.3,0.7,926,Krauss (1943),solidus,doi.org/10.2172/12687930
NaF,UF4,0.3,0.7,925,Krauss (1943),solidus,doi.org/10.2172/12687930
NaF,UF4,0.25,0.75,930,Krauss (1943),solidus,doi.org/10.2172/12687930
NaF,UF4,0.25,0.75,935,Krauss (1943),solidus,doi.org/10.2172/12687930
NaF,UF4,0.2,0.8,923,Krauss (1943),solidus,doi.org/10.2172/12687930
NaF,UF4,0.2,0.8,923,Krauss (1943),solidus,doi.org/10.2172/12687930
NaF,UF4,0.121,0.879,923,Krauss (1943),solidus,doi.org/10.2172/12687930
NaF,UF4,0.1,0.9,930,Krauss (1943),solidus,doi.org/10.2172/12687930
KCl,UCl4,1,0,973,Krauss (1943),liquidus,doi.org/10.2172/12687930
KCl,UCl4,0.8,0.2,923,Krauss (1943),liquidus,doi.org/10.2172/12687930
KCl,UCl4,0.7,0.3,898,Krauss (1943),liquidus,doi.org/10.2172/12687930
KCl,UCl4,0.67,0.33,923,Krauss (1943),liquidus,doi.org/10.2172/12687930
KCl,UCl4,0.65,0.35,903,Krauss (1943),liquidus,doi.org/10.2172/12687930
KCl,UCl4,0.6,0.4,903,Krauss (1943),liquidus,doi.org/10.2172/12687930
KCl,UCl4,0.55,0.45,893,Krauss (1943),liquidus,doi.org/10.2172/12687930
KCl,UCl4,0.55,0.45,893,Krauss (1943),liquidus,doi.org/10.2172/12687930
KCl,UCl4,0.5,0.5,693,Krauss (1943),liquidus,doi.org/10.2172/12687930
KCl,UCl4,0.4,0.6,693,Krauss (1943),liquidus,doi.org/10.2172/12687930
KCl,UCl4,0.35,0.65,733,Krauss (1943),liquidus,doi.org/10.2172/12687930
KCl,UCl4,0.3,0.7,768,Krauss (1943),liquidus,doi.org/10.2172/12687930
KCl,UCl4,0.25,0.75,793,Krauss (1943),liquidus,doi.org/10.2172/12687930
KCl,UCl4,0,1,863,Krauss (1943),liquidus,doi.org/10.2172/12687930
KCl,UCl4,0.8,0.2,828,Krauss (1943),solidus,doi.org/10.2172/12687930
KCl,UCl4,0.75,0.25,828,Krauss (1943),solidus,doi.org/10.2172/12687930
KCl,UCl4,0.65,0.35,598,Krauss (1943),solidus,doi.org/10.2172/12687930
KCl,UCl4,0.6,0.4,598,Krauss (1943),solidus,doi.org/10.2172/12687930
KCl,UCl4,0.55,0.45,613,Krauss (1943),solidus,doi.org/10.2172/12687930
KCl,UCl4,0.5,0.5,623,Krauss (1943),solidus,doi.org/10.2172/12687930
KCl,UCl4,0.45,0.55,623,Krauss (1943),solidus,doi.org/10.2172/12687930
KCl,UCl4,0.4,0.6,623,Krauss (1943),solidus,doi.org/10.2172/12687930
KCl,UCl4,0.35,0.65,623,Krauss (1943),solidus,doi.org/10.2172/12687930
KCl,UCl4,0.3,0.7,623,Krauss (1943),solidus,doi.org/10.2172/12687930
KCl,UCl4,0.25,0.75,623,Krauss (1943),solidus,doi.org/10.2172/12687930
